{"BM/FPSTimes:E":[11.807145,12.137145,13.0,13.33,14.0,14.33,15.0,15.33,16.0,16.33,17.0,17.33,18.0,18.33,19.0,19.33,20.0,20.33,21.0,21.33,22.0,22.33,23.0,23.33,24.0,24.33,25.0,25.33,26.0,26.33,27.0,27.33,28.0,28.33,29.0,29.33,30.0,30.33,31.0,31.33,32.0,32.33,33.0,33.33,34.0,34.33,35.0,35.33,36.0,36.33,37.0,37.33,38.0,38.33,39.0,39.33,40.0,40.33,41.0,41.33,42.33,56.938769,57.268769000000006,58.185,58.515,59.185,59.515,60.185,60.515,61.185,61.515,62.185,62.515,62.845,63.175,64.185,64.515,65.185,65.515,66.185,66.515,67.185,67.515,68.185,68.515,69.185,69.515,70.185,70.515,71.185,71.515,72.185,72.515,73.185,73.515,74.185,74.515,75.185,75.515,76.185,76.515,77.185,77.515,78.185,78.515,79.185,79.515,80.185,80.515,81.185,81.515,82.185,82.515,83.185,83.515,84.185,84.515,85.185,85.515,86.185,86.515,87.185,87.515,88.185,88.515,89.185,89.515,90.185,90.515,91.185,91.515,92.185,92.515,93.185,93.515,94.185,94.515,95.185,95.515,96.185,96.515,97.185,97.515,98.185,98.515,99.185,99.515,100.515,105.792531,106.122531,106.94,107.27,107.94,108.27,108.94,109.27,109.94,110.27,110.94,111.27,111.94,112.27,112.94,113.27,113.94,114.27,114.94,115.27,115.94,116.27,116.94,117.27,117.94,118.27,118.94,119.27,119.6,119.92999999999999,120.94,121.27,121.94,122.27,122.94,123.27,123.94,124.27,124.94,125.27,126.27,144.119334,144.449334,144.924,145.25400000000002,145.924,146.25400000000002,146.924,147.25400000000002,147.924,148.25400000000002,148.924,149.25400000000002,149.924,150.25400000000002,150.924,151.25400000000002,151.924,152.25400000000002,152.924,153.25400000000002,153.924,154.25400000000002,154.924,155.25400000000002,155.924,156.25400000000002,156.924,157.25400000000002,157.924,158.25400000000002,158.924,159.25400000000002,159.924,160.25400000000002,160.924,161.25400000000002,161.924,162.25400000000002,162.924,163.25400000000002],"BM/FramesPerSecond:E":[79.3876646132071,98.5221634,88.94325437072335,85.3080521,90.05352288330515,88.2352905,90.38992527237909,87.3786316,93.89451609015121,95.2380905,92.29268754900093,87.8048706,86.53933602936333,85.7142792,81.08338222289244,81.7307663,97.90128941198121,97.0873718,98.3798541245679,100.502502,104.39301750456362,102.439018,95.25487640892577,94.527359,87.53387934285182,87.8048706,83.05685502854789,82.5242691,80.45509824557331,80.1886749,77.648999328783,79.2079163,84.59699489283423,84.5070343,88.60690267803302,90.0473862,94.15940955773726,97.0873718,102.14634738608787,103.448273,112.95785299055453,111.111099,100.50698744821031,99.0098953,95.81711100542184,95.693779,96.09190418659699,95.0,91.36815309871028,91.7874298,89.41978842755303,90.9090881,94.99217281412241,98.5221634,101.25230584347969,100.478462,101.03173205556851,102.439018,105.77662463590305,107.31707,"NaN",69.70019842934126,77.2946777,70.89449508901455,69.7674408,67.36832430569213,66.350708,67.65522978003908,68.2926788,67.58281878411455,68.627449,70.96971491528879,71.428566,71.428566,71.428566,73.12973893668699,70.4225311,86.93585218325529,107.31707,108.04987281409697,107.31707,105.55378463759698,105.769226,94.97410628537605,94.527359,95.33957258230181,95.693779,98.30870533915486,98.5221634,85.35623932585729,81.7307663,77.0965288645412,76.9230728,76.94796314161758,76.1904755,75.1740433533782,74.7663498,76.76009817212876,77.669899,77.08288246112092,76.5550232,81.36366995952302,91.7874298,88.09484256271666,87.8048706,84.04315564632032,83.3333282,81.69421469251272,81.3397141,81.95989613383394,82.5242691,63.79367389448818,64.3564301,64.78574486671818,64.3564301,62.71470061469087,66.6666641,73.96006606746275,72.4637604,72.25813578675726,70.4225311,72.79927902263091,72.8155289,66.46752839246486,64.6766129,61.972154391560906,62.2009544,84.59147288665757,84.1584091,80.34333252964547,80.1886749,75.13798162828576,74.2574234,73.18619535175273,73.8916245,75.05945755779817,74.7663498,75.9911738545897,76.5550232,77.08934572339183,76.9230728,78.56074779602787,78.8177338,83.40522507124092,83.7438354,83.6779571620006,83.3333282,"NaN",33.3997199667897,45.248867,42.419844124162424,42.0560722,39.998588200420606,40.2010002,39.65320719669545,40.3587418,35.79205417782788,34.6534653,38.073785986198175,38.2775116,39.38491792687,38.0952377,36.14248857503181,37.3831749,40.22951347126152,40.7239799,37.67256509892212,38.4615364,41.25907983246182,38.2775116,39.56357924366668,39.6475754,38.63294503578243,39.0243874,38.488897788757576,38.4615364,38.4615364,38.4615364,37.15953062277607,37.0370369,36.73501732794455,36.3636322,38.59185739907091,39.4088669,37.611506604116066,36.3636322,38.64575845936182,38.2775116,"NaN",44.330523628936085,44.4444427,47.32755433501698,46.2962952,46.99757726781576,47.1698074,43.437019115256064,42.8571396,40.169230653798785,41.09589,42.46827846961184,42.4528275,41.13759244690545,40.0,38.811855512333324,40.2010002,37.323200237901226,37.209301,36.64349843478698,35.8744392,34.88230054045031,34.6534653,35.03607809278394,35.2422905,36.582028841035154,36.6972466,35.63292944614606,35.8744392,36.7983296245206,37.3831749,39.02486714733575,39.0243874,40.12414756243758,41.09589,42.344338674014246,42.4528275,43.60083013755575,43.2692299,44.73046106913574,45.8715591]}