{"BM/FPSTimes:E":[18.269042,18.599041999999997,19.0,19.33,20.0,20.33,21.0,21.33,22.0,22.33,23.0,23.33,24.0,24.33,25.0,25.33,26.0,26.33,27.0,27.33,28.0,28.33,29.0,29.33,30.0,30.33,31.0,31.33,32.0,32.33,33.0,33.33,34.0,34.33,35.0,35.33,36.0,36.33,37.0,37.33,38.0,38.33,39.0,39.33,40.0,40.33,41.0,41.33,42.0,42.33,43.0,43.33,44.0,44.33,45.0,45.33,46.0,46.33,47.0,47.33,48.0,49.0,66.156685,66.486685,66.74199999999999,67.072,67.74199999999999,68.072,68.74199999999999,69.072,69.74199999999999,70.072,70.74199999999999,71.072,71.74199999999999,72.072,72.74199999999999,73.072,73.74199999999999,74.072,74.74199999999999,75.072,75.74199999999999,76.072,76.74199999999999,77.072,77.74199999999999,78.072,78.74199999999999,79.072,79.74199999999999,80.072,80.74199999999999,81.072,81.74199999999999,82.072,82.74199999999999,83.072,83.74199999999999,84.072,84.74199999999999,85.072,85.74199999999999,86.072,86.74199999999999,87.072,87.74199999999999,88.072,88.74199999999999,89.072,89.74199999999999,90.072,90.74199999999999,91.072,91.74199999999999,92.072,92.74199999999999,93.072,93.74199999999999,94.072,94.74199999999999,95.072,95.74199999999999,96.072,96.74199999999999,97.072,97.74199999999999,98.072,98.74199999999999,99.072,99.74199999999999,100.072,100.74199999999999,101.072,101.74199999999999,102.072,102.74199999999999,103.072,103.74199999999999,104.072,104.74199999999999,105.072,105.74199999999999,106.072,106.74199999999999,107.072,107.74199999999999,108.072,108.74199999999999,109.74199999999999,115.709008,116.039008,116.189,116.51899999999999,117.189,117.51899999999999,118.189,118.51899999999999,119.189,119.51899999999999,120.189,120.51899999999999,121.189,121.51899999999999,122.189,122.51899999999999,123.189,123.51899999999999,124.189,124.51899999999999,125.189,125.51899999999999,126.189,126.51899999999999,127.189,127.51899999999999,128.189,128.519,129.189,129.519,130.189,130.519,131.189,131.519,132.189,132.519,133.189,133.519,134.189,134.519,135.189,135.519,136.519,156.830118,157.160118,158.345,158.675,159.345,159.675,160.345,160.675,161.345,161.675,162.345,162.675,163.345,163.675,164.345,164.675,165.345,165.675,166.345,166.675,167.345,167.675,168.345,168.675,169.345,169.675,170.345,170.675,171.345,171.675,172.345,172.675,173.345,173.675,174.345,174.675,175.345,175.675],"BM/FramesPerSecond:E":[0.0,0.0,33.15262880193277,32.4675293,63.23174568354524,54.4747086,51.86931017000743,21.2765942,58.657159565126484,40.4858284,36.117352535843615,45.6431503,50.97614783786235,60.4651146,54.54351412223066,50.8474541,54.12291142729289,65.1162796,52.43237991084128,46.1538429,48.57263942775936,49.0196037,34.80439429260842,28.3018856,31.839651645392127,29.288702,71.64245172848119,64.3776779,27.102848168339037,32.7102776,44.92904572975222,29.6296291,53.05791036257909,53.1400909,49.86883905634848,42.0560722,52.89852120576885,47.1698074,57.76202001127922,63.2183876,51.6811987075619,41.6666641,53.29725657910194,39.1304359,56.45971938138144,38.4615364,68.79677149609915,61.9468994,52.81050799101272,48.5829926,67.92968035912824,49.429657,54.73481723855621,57.9710083,58.82743583010215,67.632843,61.42130712078614,47.4137917,51.32869659721166,44.7154465,56.57039431193236,"NaN",0.0,0.0,4.416789078172364,4.65116262,60.606232088109934,68.627449,60.290235112347446,66.6666641,40.934460627457604,49.1071396,63.99927195736657,58.3333321,55.69191165890406,52.6315765,50.7188530814081,50.5050468,51.88306105452392,60.3448257,61.37927460667399,54.1666641,56.26272075714781,58.3333321,40.59128039364881,52.884613,48.19696069869325,67.632843,42.180491120054725,54.1666641,89.75016714278335,80.4020004,73.70623148430397,77.2946777,61.888887678710226,83.7438354,60.62913138942031,56.52174,59.73211255325354,78.431366,48.09620174198701,64.6766129,38.49239039887266,33.1950188,57.60280536557287,57.7777748,57.74439206764389,57.1428566,38.70520636470363,35.5555534,46.53745558881334,32.6530609,43.26171302593488,43.6681175,60.34911443961836,46.808506,50.45142124927481,36.1990929,59.43235029492605,62.2009544,59.34916413159543,70.3517532,63.18749050211923,66.6666641,61.12481322168416,59.0717239,67.35993145925679,60.0858345,61.81322220563817,53.0612221,54.08687058757889,58.3333321,53.39637497031568,43.2692299,57.107017369291846,57.6923065,43.00651683190093,52.884613,60.895869640433325,37.5,54.96067134343075,58.0357132,46.73972401792004,59.4594574,56.825671625956126,49.9999962,39.82752179635059,39.0243874,46.10686125971891,"NaN",69.5819265835182,84.1121445,72.21427216411878,75.4716949,71.85977399363637,72.1153793,11.23649054293048,12.2950811,11.296997691884847,11.4068432,10.808347525618059,9.52380848,9.01666266946482,8.92857075,10.477441357718874,9.67741966,11.081127620461515,11.1524153,11.040495374244243,11.0294113,11.089519803832728,11.1940298,11.317260597887273,11.3207541,10.64816332140606,10.7142859,10.717973706544242,10.948904,10.923229942109092,10.7142859,10.922502995527275,10.9890108,10.118735487846306,9.17431164,10.857468103230353,11.8577061,11.818198468077274,11.4942522,11.513199385110305,11.4942522,11.797264162944241,12.2950811,"NaN",0.0,0.0,18.844284431400308,20.5761299,15.40451359480727,15.6862726,13.333882621339393,12.4481325,10.87874192111364,10.8695641,10.536768918634316,11.1940298,12.631144173562724,13.043478,11.101858796753945,10.2389078,8.78290729913223,10.2040815,10.056321464966,9.28792572,9.862919526760896,10.7913656,10.800904476028787,10.8695641,10.567152943578181,10.7526875,9.928670129480407,8.96860981,9.991492480319149,10.1694908,9.963357847287266,10.3092785,9.862698642842435,9.20245361,8.765608981248867,9.95024872,8.649273147927087,9.80392075]}